Top pages,Clicks,Impressions,CTR,Position
https://agentbio.net/,24,749,3.2%,20.72
https://agentbio.net/blog/how-real-estate-agents-use-link-in-bio-to-generate-more-leads-in-2024,6,162,3.7%,11.09
https://agentbio.net/pricing,1,122,0.82%,4.77
https://agentbio.net/blog/link-in-bio-tool-for-real-estate-agents-turn-social-followers-into-real-clients,1,17,5.88%,15.59
https://agentbio.net/blog/the-essential-link-for-rental-agents-converting-social-followers-into-qualified-tenants,1,17,5.88%,18.29
https://agentbio.net/auth/login,0,114,0%,8.62
https://agentbio.net/blog/the-ultimate-guide-to-link-ideas-for-real-estate-pages-that-actually-convert-leads,0,73,0%,50.9
https://agentbio.net/dmca,0,72,0%,18.42
https://agentbio.net/blog/the-smart-agent-s-guide-to-creating-a-link-for-home-tours-that-actually-converts,0,66,0%,16.47
https://agentbio.net/terms,0,56,0%,6.98
https://agentbio.net/blog/instagram-link-ideas-for-realtors-turn-your-bio-link-into-a-lead-generation-machine,0,49,0%,9.39
https://agentbio.net/auth/register,0,42,0%,11.69
https://agentbio.net/privacy,0,40,0%,7.15
https://agentbio.net/acceptable-use,0,39,0%,6.46
https://agentbio.net/blog/home-sales-link-ideas-smart-strategies-to-convert-social-followers-into-qualified-leads,0,38,0%,8.24
https://agentbio.net/blog/how-to-create-a-professional-real-estate-agent-portfolio-link-that-wins-clients,0,37,0%,12.49
https://agentbio.net/blog/professional-real-estate-agent-portfolio-link-your-gateway-to-finding-the-perfect-property-professional,0,21,0%,14.62
https://agentbio.net/blog/agent-click-page-tips-converting-social-followers-into-real-estate-leads-in-2024,0,18,0%,7.56
https://agentbio.net/blog/agent-qr-code-setup-ideas-turn-print-materials-into-lead-generation-machines,0,17,0%,9.35
https://agentbio.net/blog/home-selling-link-hub-the-secret-weapon-top-agents-use-to-convert-social-followers-into-qualified-seller-leads,0,13,0%,5.23
https://agentbio.net/blog/link-in-bio-tool-for-realtors-turn-social-media-followers-into-qualified-leads,0,12,0%,30.42
https://agentbio.net/blog/home-ads-link-hub-the-mobile-command-center-every-real-estate-agent-needs-in-2024,0,11,0%,5.27
https://agentbio.net/blog/agent-core-link-setup-the-essential-guide-for-modern-real-estate-agents,0,11,0%,12.36
https://agentbio.net/#features,0,8,0%,9.62
https://agentbio.net/blog,0,8,0%,9.62
https://agentbio.net/blog/best-contact-link-buttons-for-real-estate-agents-convert-more-social-followers-into-qualified-leads,0,8,0%,20.25
https://agentbio.net/blog/the-complete-agent-link-hub-guide-turn-social-followers-into-qualified-real-estate-leads,0,6,0%,21.83
https://agentbio.net/blog/how-to-link-your-active-listings-the-mobile-first-strategy-every-agent-needs,0,5,0%,48.2
https://agentbio.net/blog/link-hub-for-leasing-agents-your-24-7-digital-business-card-that-actually-converts,0,4,0%,3
https://agentbio.net/blog/agent-page-link-ideas-50-ways-to-convert-social-followers-into-real-estate-leads,0,4,0%,6.5
https://agentbio.net/blog/how-agents-get-leads-from-social-bio-links-the-complete-guide-to-converting-followers-into-clients,0,4,0%,10.5
https://agentbio.net/blog/link-hub-for-listings-the-missing-piece-in-your-real-estate-marketing-strategy,0,3,0%,4
https://agentbio.net/blog/link-hub-for-top-agents-the-secret-weapon-high-performing-realtors-use-to-convert-social-media-traffic,0,3,0%,5.67
https://agentbio.net/blog/how-agents-send-links-online-the-complete-guide-to-converting-social-media-traffic-into-real-estate-leads,0,2,0%,8.5
https://agentbio.net/blog/why-every-real-estate-agent-needs-an-online-resume-page-and-how-to-build-one-that-actually-converts,0,2,0%,10
https://agentbio.net/blog/the-landlord-agent-link-page-your-secret-weapon-for-property-management-lead-generation,0,1,0%,2
https://agentbio.net/accessibility,0,1,0%,8
https://agentbio.net/blog/agent-call-link-layout-how-top-real-estate-agents-convert-social-traffic-into-qualified-leads,0,1,0%,18